total_records,accuracy_mean,accuracy_std,accuracy_norm_mean,accuracy_norm_std
154519,0.5061319319954181,0.49996401580628025,0.494974728026974,0.4999763638539767
