total_records,accuracy_mean,accuracy_std,accuracy_norm_mean,accuracy_norm_std
154519,0.5561128404921077,0.4968429799133165,0.547408409321831,0.4977489790189953
