total_records,accuracy_mean,accuracy_std,accuracy_norm_mean,accuracy_norm_std
154519,0.5181175130566468,0.4996732647749041,0.5187517392683101,0.4996498653389701
