total_records,accuracy_mean,accuracy_std,accuracy_norm_mean,accuracy_norm_std
154519,0.4128747920967648,0.4923522793250966,0.4062607187465619,0.4911359365970543
