total_records,accuracy_mean,accuracy_std,accuracy_norm_mean,accuracy_norm_std
154519,0.4375254823031472,0.4960831858805634,0.4390398591758942,0.4962715538042748
